regime,feature_name,mean_abs_shap
low_vol,log_return_CL=F,0.0006648788336162809
low_vol,log_return_GC=F,0.0003022863214740744
low_vol,log_return_HYG,0.0002808444870330114
low_vol,log_return_IEF,0.0005020628321532539
low_vol,log_return_SPY,0.00028093793925266326
low_vol,yield_change_TNX,0.000459100674731213
low_vol,log_return_VIX,0.0003138236833716712
low_vol,log_return_VNQ,0.0009602706354687004
low_vol,log_return_^FTSE,0.0006316681372857102
low_vol,log_return_^HSI,0.0008464194340043591
low_vol,log_return_^N225,0.0005617251799270346
high_vol,log_return_CL=F,0.000749315696731224
high_vol,log_return_GC=F,0.000316360301229307
high_vol,log_return_HYG,0.00028964547730932406
high_vol,log_return_IEF,0.00032911790651511506
high_vol,log_return_SPY,0.00036860692493248894
high_vol,yield_change_TNX,0.0005108946996549029
high_vol,log_return_VIX,0.0003028721740245851
high_vol,log_return_VNQ,0.0014563368865677722
high_vol,log_return_^FTSE,0.0007195836357797085
high_vol,log_return_^HSI,0.0009335519595122781
high_vol,log_return_^N225,0.0007367894849020639
